id, bbox_X1, bbox_Y1, bbox_Z1, bbox_X2, bbox_Y2, bbox_Z2, centroid_X, centroid_Y, centroid_Z
TRN_000,103,316,96,115,329,100,108,322,98
TRN_000,320,226,111,346,247,119,331,237,114
TRN_000,344,246,108,354,258,113,349,251,110
TRN_000,352,197,83,362,209,88,356,202,85
TRN_000,356,271,108,367,282,114,361,276,111
TRN_003,156,205,279,195,234,309,175,217,296
TRN_006,156,167,216,177,188,227,166,177,222
TRN_006,188,108,181,202,124,188,195,114,184
TRN_006,314,113,199,327,126,206,320,119,202
TRN_007,67,295,32,83,310,38,74,302,34
TRN_007,71,241,48,86,256,53,78,248,50
TRN_007,79,255,42,94,270,47,86,262,44
TRN_007,81,284,23,96,299,28,88,291,25
TRN_007,85,279,41,108,298,47,96,288,44
TRN_007,87,234,49,102,249,54,94,241,51
TRN_007,87,259,54,109,277,62,97,267,57
TRN_007,87,277,27,102,292,32,94,284,29
TRN_007,89,289,30,104,304,35,96,296,32
TRN_007,91,206,56,107,221,61,98,213,58
TRN_007,92,302,36,107,317,41,99,309,38
TRN_007,95,212,67,110,227,72,102,219,69
TRN_007,95,254,45,116,270,52,105,261,48
TRN_007,96,191,47,111,208,53,103,200,49
TRN_007,99,212,48,118,229,54,108,220,51
TRN_007,101,215,42,116,230,47,108,222,44
TRN_007,103,265,39,123,286,44,112,275,41
TRN_007,107,181,56,127,198,64,117,189,59
TRN_007,110,206,33,125,222,38,117,214,35
TRN_007,111,201,74,126,216,79,118,208,76
TRN_007,112,189,42,127,204,47,119,196,44
TRN_007,112,198,48,127,213,53,119,205,50
TRN_007,117,305,30,132,320,35,124,312,32
TRN_007,120,215,43,141,236,50,130,225,46
TRN_007,121,228,39,136,243,44,128,235,41
TRN_007,128,184,61,146,201,66,136,192,63
TRN_007,128,195,56,145,210,61,136,202,58
TRN_007,133,163,35,148,178,40,140,170,37
TRN_007,171,215,56,186,230,61,178,222,58
TRN_007,332,228,103,347,243,108,339,235,105
TRN_007,345,240,101,372,263,110,357,251,105
TRN_007,383,242,79,399,258,86,390,250,82
TRN_008,137,230,114,154,246,121,145,237,117
TRN_009,343,189,88,364,210,97,352,199,92
TRN_010,360,130,78,373,143,83,366,136,80
TRN_011,164,193,430,191,227,484,176,209,453
TRN_011,181,242,457,190,253,468,186,247,462
TRN_011,308,204,399,376,251,488,337,225,445
TRN_011,322,314,419,334,325,427,328,319,423
TRN_011,352,243,377,384,275,405,369,259,392
TRN_013,115,314,83,172,363,95,141,332,88
TRN_013,162,295,99,204,340,112,183,319,106
TRN_013,169,297,76,199,327,82,182,311,79
TRN_013,171,245,106,211,311,118,189,273,112
TRN_013,178,251,94,196,273,99,187,261,96
TRN_013,178,360,81,212,391,90,196,375,85
TRN_013,180,351,90,209,378,100,195,364,95
TRN_013,220,305,90,247,335,97,234,323,93
TRN_013,273,144,52,433,372,124,355,249,89
TRN_013,308,249,43,361,280,55,336,262,50
TRN_013,353,243,38,426,307,54,383,265,46
TRN_014,115,165,181,167,225,207,141,198,193
TRN_014,132,223,186,165,246,199,148,234,191
TRN_014,341,239,182,361,264,198,350,251,190
TRN_014,349,235,211,362,248,216,355,241,213
TRN_014,351,280,201,362,292,207,356,285,204
TRN_014,354,240,206,363,253,212,358,246,209
TRN_014,356,249,199,375,272,208,365,258,203
TRN_015,299,197,108,325,220,115,312,208,111
TRN_016,137,160,73,215,236,93,168,189,80
TRN_016,182,172,67,207,192,72,194,182,69
TRN_016,187,176,96,202,191,101,194,183,98
TRN_016,198,159,67,213,174,72,205,166,69
TRN_017,189,136,108,213,153,116,201,144,111
TRN_017,189,138,95,215,160,101,202,148,98
TRN_018,118,198,255,124,208,261,121,202,257
TRN_019,381,295,188,390,304,193,385,299,190
TRN_020,324,215,286,367,275,309,348,239,297
TRN_020,335,248,229,389,323,256,369,293,243
TRN_020,354,258,260,377,310,275,365,279,266
TRN_021,136,164,213,168,191,242,154,179,226
TRN_022,368,179,100,379,191,106,373,184,102
TRN_024,124,172,91,143,189,101,132,181,95
TRN_025,131,178,76,149,196,81,140,186,78
TRN_025,132,237,98,153,254,103,142,245,100
TRN_027,93,235,45,109,250,50,100,242,47
TRN_027,125,146,34,178,202,55,147,173,45
TRN_029,172,339,81,187,353,86,179,346,83
TRN_029,188,162,68,204,180,73,196,170,70
TRN_030,279,155,13,389,291,95,334,204,58
TRN_030,279,186,26,382,287,59,321,228,41
TRN_030,318,234,46,350,269,59,333,251,51
TRN_030,334,232,34,349,247,39,341,239,36
TRN_032,380,229,43,413,260,48,397,243,45
TRN_033,388,282,83,411,306,90,398,293,86
TRN_034,106,208,80,153,243,95,128,224,87
TRN_036,135,311,90,150,326,95,142,318,92
TRN_037,68,165,19,245,334,94,158,244,69
TRN_037,362,154,51,382,173,57,372,163,53
TRN_037,392,282,59,430,298,73,412,289,65
TRN_037,400,240,61,429,265,68,414,252,64
TRN_037,442,292,60,455,306,64,448,299,61
TRN_038,132,168,250,185,234,287,159,197,268
TRN_038,171,144,211,188,161,220,178,152,215
TRN_038,193,157,214,215,191,234,203,172,224
TRN_038,319,158,265,346,177,278,332,167,270
TRN_038,337,171,262,368,199,282,351,185,272
TRN_038,350,139,226,394,189,264,371,163,248
TRN_039,117,162,93,132,178,98,124,170,95
TRN_039,119,209,101,134,224,106,126,216,103
TRN_039,120,177,93,135,192,98,127,184,95
TRN_039,120,182,85,150,216,100,137,195,92
TRN_039,167,173,118,182,188,123,174,180,120
TRN_039,193,175,113,208,190,118,200,182,115
TRN_040,142,273,85,176,305,94,159,289,89
TRN_040,326,213,117,347,234,126,336,223,121
TRN_041,140,238,111,158,262,118,148,250,114
TRN_042,393,210,90,412,241,97,403,225,93
TRN_044,96,229,50,118,261,57,106,244,53
TRN_044,361,165,73,381,191,78,370,178,75
TRN_044,374,238,82,395,259,89,384,248,85
TRN_045,111,223,78,126,238,83,118,230,80
TRN_045,128,219,83,143,234,88,135,226,85
TRN_045,139,355,50,154,370,55,146,362,52
TRN_045,149,162,71,168,190,78,158,176,74
TRN_045,149,195,97,230,275,120,185,236,109
TRN_045,157,316,56,172,331,61,164,323,58
TRN_045,160,171,92,215,206,106,188,188,98
TRN_045,169,158,71,202,190,79,184,173,74
TRN_045,185,300,95,200,315,100,192,307,97
TRN_045,196,169,69,219,197,77,208,182,73
TRN_045,203,177,61,218,192,66,210,184,63
TRN_045,207,182,65,222,197,70,214,189,67
TRN_045,207,314,89,222,329,94,214,321,91
TRN_045,211,194,79,230,215,86,220,204,82
TRN_045,211,345,83,226,360,88,218,352,85
TRN_045,213,357,89,228,372,94,220,364,91
TRN_045,221,206,103,248,226,110,234,215,106
TRN_046,326,208,110,338,221,115,332,214,112
TRN_046,375,221,95,397,238,100,385,230,97
TRN_047,323,218,96,337,229,102,330,223,98
TRN_047,339,201,95,364,224,106,353,211,100
TRN_048,345,179,87,401,227,104,371,204,94
TRN_049,123,286,105,147,318,114,134,301,109
TRN_049,145,278,109,165,296,114,154,286,111
TRN_049,311,187,121,326,202,126,318,194,123
TRN_049,317,220,137,332,235,142,324,227,139
TRN_049,323,214,131,341,230,137,332,222,134
TRN_049,332,257,123,347,272,128,339,264,125
TRN_049,344,259,126,359,274,131,351,266,128
TRN_049,352,226,102,395,245,111,374,235,105
TRN_049,355,201,123,370,216,128,362,208,125
TRN_050,116,194,259,143,217,270,131,204,263
TRN_050,146,190,258,195,237,283,173,217,271
TRN_051,348,207,97,385,241,111,367,222,104
TRN_051,353,232,100,368,249,106,360,240,102
TRN_052,304,204,86,338,246,108,321,226,99
TRN_053,95,180,213,122,195,227,108,187,219
TRN_053,157,128,280,170,139,290,163,133,284
TRN_053,366,180,304,403,206,337,384,192,320
TRN_054,351,231,255,361,244,264,356,236,259
TRN_055,254,0,168,291,10,191,272,2,179
TRN_055,295,145,254,353,188,278,321,167,267
TRN_055,303,172,278,347,213,312,328,195,299
TRN_055,326,156,277,364,185,295,345,171,285
TRN_055,360,220,274,374,236,279,367,227,276
TRN_055,366,187,273,400,215,288,384,201,281
TRN_055,370,200,252,409,225,265,389,212,258
TRN_056,107,153,188,208,274,329,159,205,255
TRN_058,209,224,68,226,242,74,217,232,70
TRN_058,352,215,101,402,282,122,377,250,114
TRN_059,314,215,103,332,230,108,323,222,105
TRN_059,338,199,97,353,214,102,345,206,99
TRN_060,221,231,117,236,250,123,228,240,119
TRN_060,304,228,111,337,249,124,323,236,117
TRN_060,304,244,115,314,257,119,309,250,116
TRN_060,310,240,118,327,253,124,318,246,120
TRN_060,336,222,101,366,248,110,352,232,105
TRN_060,337,216,94,394,263,115,374,243,106
TRN_060,340,199,104,361,218,115,351,207,109
TRN_060,345,230,109,359,243,114,352,236,111
TRN_060,353,206,99,363,216,103,357,211,100
TRN_060,369,245,99,379,255,103,374,250,100
TRN_060,376,267,101,386,278,105,380,273,103
TRN_060,381,278,99,393,291,104,386,284,101
TRN_060,382,242,84,391,254,89,386,247,86
TRN_060,387,244,95,398,260,101,392,251,97
TRN_060,390,238,90,399,249,94,394,243,92
TRN_061,126,149,204,214,231,242,169,185,223
TRN_062,100,214,90,127,246,97,114,228,93
TRN_062,117,186,88,133,211,95,125,200,91
TRN_062,129,182,88,148,192,93,138,186,90
TRN_062,133,192,91,164,210,98,147,200,93
TRN_063,125,240,100,140,255,105,132,247,102
TRN_064,211,124,187,223,140,200,216,132,192
TRN_065,127,223,220,158,258,234,141,240,226
TRN_065,360,239,194,385,256,209,373,247,202
TRN_065,367,256,210,381,268,218,374,261,213
TRN_065,370,228,219,382,239,226,376,233,222
TRN_067,158,158,58,190,186,69,172,171,63
TRN_068,116,320,65,143,334,70,130,327,67
TRN_068,129,169,52,178,223,70,153,195,59
TRN_068,130,284,45,143,296,49,136,290,47
TRN_068,131,270,64,174,298,76,154,284,69
TRN_068,133,219,13,149,230,18,140,224,15
TRN_068,149,257,71,161,271,75,155,263,72
TRN_068,159,294,63,172,308,67,165,301,65
TRN_068,164,246,72,193,267,79,179,256,75
TRN_068,174,254,67,200,291,80,188,273,73
TRN_068,174,287,71,190,315,79,181,299,75
TRN_068,178,221,69,213,246,86,197,233,78
TRN_068,180,302,71,194,322,75,187,311,72
TRN_068,189,240,71,218,269,83,202,255,77
TRN_069,156,186,96,171,201,101,163,193,98
TRN_070,320,278,97,354,300,105,335,289,101
TRN_071,197,200,94,219,218,100,205,208,97
TRN_074,301,167,66,388,227,108,339,193,83
TRN_074,309,205,108,334,229,120,321,217,113
TRN_074,314,177,56,330,193,61,321,185,58
TRN_074,315,189,56,355,230,67,333,205,62
TRN_074,315,205,51,330,220,56,322,212,53
TRN_074,328,187,67,343,202,72,335,194,69
TRN_074,328,236,107,344,257,114,335,246,110
TRN_074,349,189,48,364,204,53,356,196,50
TRN_074,356,211,60,371,226,65,363,218,62
TRN_074,366,218,60,396,248,67,380,234,63
TRN_074,370,182,58,393,205,63,381,193,60
TRN_074,383,210,62,402,225,67,392,217,64
TRN_074,386,202,58,405,227,63,395,214,60
TRN_074,391,264,63,413,296,73,401,278,68
TRN_076,322,140,83,337,155,88,329,147,85
TRN_077,317,155,94,334,171,100,325,162,96
TRN_078,314,292,94,329,307,99,321,299,96
TRN_078,335,279,94,350,294,99,342,286,96
TRN_079,294,167,103,389,291,132,345,226,117
TRN_080,194,224,108,213,241,115,202,232,111
TRN_081,150,273,94,165,288,99,157,280,96
TRN_082,347,239,94,362,254,100,354,246,96
TRN_082,369,269,88,382,282,93,375,275,90
TRN_083,355,213,83,373,227,89,363,219,85
TRN_085,95,206,84,113,219,89,103,213,86
TRN_085,104,144,83,137,185,93,121,163,87
TRN_085,115,182,90,131,196,95,122,189,92
TRN_085,136,239,90,149,256,95,143,246,92
TRN_085,142,143,84,202,216,103,167,174,94
TRN_085,157,292,81,178,314,87,166,302,83
TRN_086,389,178,81,405,203,86,397,190,83
TRN_087,128,222,274,162,257,308,144,240,288
TRN_087,145,184,275,207,219,311,180,200,291
TRN_088,316,163,72,332,176,78,323,168,75
TRN_090,391,232,86,406,247,91,398,239,88
TRN_091,80,249,102,97,280,110,88,266,105
TRN_091,86,234,102,103,250,107,94,241,104
TRN_091,105,246,101,116,258,105,110,252,102
TRN_091,110,240,104,123,254,109,116,246,106
TRN_091,115,256,104,130,271,109,122,263,106
TRN_091,123,188,93,145,204,98,133,195,95
TRN_091,125,339,64,138,353,69,131,346,66
TRN_091,143,195,101,155,208,105,148,201,103
TRN_091,152,274,66,167,286,73,159,279,69
TRN_091,170,206,62,187,224,69,177,214,65
TRN_091,178,188,102,191,199,106,184,193,103
TRN_091,183,155,103,214,188,114,201,173,107
TRN_091,194,283,106,214,303,113,203,293,109
TRN_091,321,135,59,339,150,64,330,142,61
TRN_091,344,319,76,371,348,86,355,331,81
TRN_091,356,293,77,377,311,83,367,301,79
TRN_091,371,271,69,386,285,74,378,278,71
TRN_091,375,282,73,395,311,80,384,296,76
TRN_091,375,303,80,396,326,86,384,313,82
TRN_091,389,258,91,420,285,102,403,270,95
TRN_091,390,248,98,408,266,103,398,258,100
TRN_091,416,234,71,430,248,76,423,241,73
TRN_091,428,231,74,441,254,80,434,241,77
TRN_092,71,312,74,91,343,81,81,327,77
TRN_092,71,332,62,91,350,67,81,339,64
TRN_092,72,252,102,91,270,109,81,261,105
TRN_092,76,194,81,105,245,89,89,222,85
TRN_092,85,345,56,98,360,62,91,351,59
TRN_092,89,244,104,108,263,109,98,253,106
TRN_092,90,285,76,102,298,80,95,291,78
TRN_092,95,282,89,118,304,95,104,294,91
TRN_092,103,263,78,125,293,84,114,280,80
TRN_092,113,289,84,140,311,89,127,299,86
TRN_092,115,225,96,137,274,103,126,252,99
TRN_092,117,284,88,135,297,95,126,290,91
TRN_092,122,223,93,139,241,99,130,232,96
TRN_092,124,225,104,140,245,109,132,235,106
TRN_092,134,262,87,154,297,92,144,281,89
TRN_092,135,237,99,148,251,104,141,244,101
TRN_092,144,226,118,159,241,127,151,232,122
TRN_092,145,176,105,162,191,112,153,183,108
TRN_092,146,259,92,161,272,96,153,266,93
TRN_092,148,239,106,168,259,116,158,249,110
TRN_092,165,272,88,184,299,96,174,284,91
TRN_092,282,215,99,393,264,126,338,238,109
TRN_092,287,162,98,350,229,111,317,200,103
TRN_092,303,204,114,323,220,119,313,210,116
TRN_092,304,196,88,321,214,96,312,203,91
TRN_092,311,181,112,344,198,119,329,189,115
TRN_092,314,182,80,340,212,87,327,196,83
TRN_092,315,284,90,339,310,96,326,296,93
TRN_092,320,271,94,349,314,102,333,292,98
TRN_092,321,182,93,339,201,98,329,190,95
TRN_092,321,190,64,333,207,74,327,199,69
TRN_092,321,197,88,328,205,93,324,200,90
TRN_092,322,227,91,337,242,97,329,234,93
TRN_092,323,330,85,350,358,91,336,344,88
TRN_092,334,147,66,393,181,77,367,161,71
TRN_092,343,203,108,374,224,119,358,213,113
TRN_092,344,179,97,378,214,106,362,198,101
TRN_092,345,270,112,365,288,116,356,279,114
TRN_092,347,176,40,362,193,47,354,184,43
TRN_092,348,152,62,365,170,68,357,159,65
TRN_092,348,168,47,384,205,59,365,187,52
TRN_092,348,163,88,414,231,117,385,190,104
TRN_092,349,159,93,372,184,104,359,171,99
TRN_092,349,175,87,360,192,94,354,183,90
TRN_092,350,269,88,362,281,93,355,275,90
TRN_092,353,279,90,374,297,98,363,287,93
TRN_092,354,198,61,450,282,81,397,235,70
TRN_092,355,249,109,379,282,119,367,265,114
TRN_092,357,158,88,376,172,93,367,164,90
TRN_092,357,328,89,376,344,94,367,335,91
TRN_092,357,358,52,375,378,60,365,368,56
TRN_092,365,243,58,385,264,63,373,253,60
TRN_092,370,328,84,388,350,88,379,339,86
TRN_092,377,201,113,392,214,119,384,207,115
TRN_092,377,276,92,409,312,105,396,293,98
TRN_092,385,322,83,417,344,90,398,333,85
TRN_092,396,288,90,409,302,96,402,294,92
TRN_092,397,341,35,425,374,46,410,357,41
TRN_092,399,212,113,412,231,117,405,222,114
TRN_092,418,250,88,445,306,104,430,278,95
TRN_092,435,244,93,446,257,97,440,250,95
TRN_092,445,263,70,459,277,75,451,269,72
TRN_093,332,181,94,345,194,99,338,187,96
TRN_093,333,208,102,345,222,107,338,214,104
TRN_093,356,176,94,368,190,98,362,182,95
TRN_095,187,180,132,207,195,147,196,186,140
TRN_097,111,209,77,126,221,83,119,214,80
TRN_097,124,168,49,196,202,62,164,185,54
TRN_097,140,230,86,155,241,91,148,234,88
TRN_097,145,224,90,159,234,94,152,228,92
TRN_097,168,201,88,178,211,92,173,206,90
TRN_097,170,180,62,191,197,71,180,188,66
TRN_097,174,194,57,185,206,62,179,200,59
TRN_097,192,210,87,202,220,91,196,214,88
TRN_097,202,207,51,214,217,55,208,212,52
TRN_097,385,243,69,410,263,77,398,252,73
TRN_098,59,242,117,90,272,136,73,254,125
TRN_098,68,145,149,239,272,259,152,200,199
TRN_098,72,218,117,99,239,135,85,228,126
TRN_098,85,164,114,127,190,130,103,178,121
TRN_098,125,338,240,161,374,259,142,355,248
TRN_098,131,204,249,226,319,305,181,254,275
TRN_098,136,173,124,154,188,137,144,180,130
TRN_098,157,161,95,178,180,105,168,169,99
TRN_098,168,318,194,199,348,214,183,334,203
TRN_098,286,152,171,415,345,305,350,237,239
TRN_100,374,195,84,398,218,91,386,206,87
TRN_101,165,161,152,220,210,179,192,185,164
TRN_101,175,180,152,183,190,157,178,184,154
TRN_104,165,147,66,212,184,78,184,165,72
TRN_104,294,148,81,346,188,104,323,164,94
TRN_104,308,143,75,323,152,79,315,147,77
TRN_104,311,126,62,339,153,74,325,139,67
TRN_104,313,189,106,338,206,113,325,197,109
TRN_105,171,183,238,222,203,254,195,191,245
TRN_105,187,196,238,216,219,246,201,208,241
TRN_106,157,241,122,172,256,127,164,248,124
TRN_106,161,225,124,176,240,129,168,232,126
TRN_106,346,219,121,361,234,126,353,226,123
TRN_107,161,222,256,230,272,300,195,243,276
TRN_108,71,195,96,107,233,106,89,215,100
TRN_108,312,241,32,327,260,37,319,249,34
TRN_109,114,169,202,148,201,214,131,184,207
TRN_109,123,207,247,142,231,261,133,220,253
TRN_109,137,160,196,168,181,214,154,169,204
TRN_110,134,216,71,153,231,77,143,224,74
TRN_110,144,257,82,155,271,89,148,263,85
TRN_110,145,180,81,159,195,86,151,187,83
TRN_110,184,198,96,206,226,106,194,209,101
TRN_110,313,170,79,343,192,87,328,180,82
TRN_111,203,189,89,214,200,94,208,194,91
TRN_112,282,266,108,309,289,115,297,278,110
TRN_112,310,243,107,324,258,113,316,250,109
TRN_112,310,246,101,339,286,113,325,264,106
TRN_112,314,248,101,326,257,105,319,252,102
TRN_113,284,124,116,302,145,143,292,135,129
TRN_113,312,124,205,329,143,213,320,133,209
TRN_116,130,164,99,150,181,106,139,172,102
TRN_116,134,305,94,149,320,99,141,312,96
TRN_116,177,157,98,193,174,105,184,165,101
TRN_116,210,172,102,225,187,107,217,179,104
TRN_117,375,194,174,413,248,223,392,225,195
TRN_118,333,169,59,353,192,67,342,182,63
TRN_118,347,167,58,367,184,64,355,174,60
TRN_119,404,201,62,419,216,67,411,208,64
TRN_120,185,198,54,195,207,59,190,202,56
TRN_121,122,220,86,144,244,93,132,232,90
TRN_121,123,181,81,208,343,104,163,244,93
TRN_121,150,227,90,165,242,95,157,234,92
TRN_121,163,220,101,200,252,107,181,233,103
TRN_121,173,253,97,195,282,106,183,268,101
TRN_122,152,266,138,167,282,147,159,274,142
TRN_122,217,196,198,228,207,205,222,201,201
TRN_123,170,273,103,180,283,108,174,277,105
TRN_124,333,148,31,351,163,35,341,155,33
TRN_125,135,194,96,157,218,102,145,205,98
TRN_126,272,128,64,287,143,69,279,135,66
TRN_126,287,161,80,302,176,85,294,168,82
TRN_126,309,138,70,330,156,76,319,146,73
TRN_126,312,140,66,327,155,71,319,147,68
TRN_126,336,142,72,351,157,77,343,149,74
TRN_127,378,216,67,399,230,74,386,223,69
TRN_128,74,288,69,94,308,74,84,298,71
TRN_128,75,233,39,97,263,47,85,250,43
TRN_128,89,314,49,134,345,60,107,329,53
TRN_128,90,227,43,124,276,57,107,251,49
TRN_128,97,259,60,171,329,76,132,294,68
TRN_128,100,292,73,121,312,80,109,303,76
TRN_128,115,253,45,131,273,51,123,262,47
TRN_128,116,138,35,233,216,63,178,169,48
TRN_128,118,192,82,131,205,86,124,198,84
TRN_128,121,208,82,135,229,88,128,217,85
TRN_128,124,231,49,169,257,57,146,244,53
TRN_128,124,236,74,155,260,81,137,246,77
TRN_128,138,168,80,156,181,84,147,174,82
TRN_128,140,307,52,162,348,61,150,325,57
TRN_128,141,119,25,182,138,42,161,127,35
TRN_128,141,180,79,155,194,84,148,187,81
TRN_128,142,239,44,164,256,50,152,246,47
TRN_128,149,176,76,187,230,85,168,199,80
TRN_128,153,273,59,192,333,71,172,298,65
TRN_128,162,212,74,185,241,81,173,227,77
TRN_128,166,238,71,178,254,76,171,245,73
TRN_128,204,204,72,234,263,90,217,235,81
TRN_128,370,299,69,400,328,80,386,313,75
TRN_132,154,176,420,189,212,456,174,193,434
TRN_133,108,180,261,188,252,307,151,212,281
TRN_133,143,198,259,160,222,263,152,210,260
TRN_133,192,183,303,216,209,316,205,196,309
TRN_133,364,228,250,404,261,279,382,245,264
TRN_135,147,138,237,158,150,243,152,143,239
TRN_135,157,112,229,215,166,260,189,141,242
TRN_135,158,146,238,169,157,246,163,151,242
TRN_137,91,196,185,112,220,198,101,208,191
TRN_137,100,214,219,142,252,248,122,235,233
TRN_137,134,195,239,165,215,248,150,204,243
TRN_137,146,182,187,168,200,196,157,191,191
TRN_137,148,218,271,182,242,292,164,230,281
TRN_137,300,202,278,317,224,291,308,211,284
TRN_137,334,247,267,351,267,274,341,257,270
TRN_137,359,245,225,378,264,236,368,254,229
TRN_137,365,232,200,382,248,210,373,240,205
TRN_141,96,182,247,231,293,326,149,234,285
TRN_141,102,247,244,118,259,249,111,252,246
TRN_141,121,279,260,150,308,278,135,291,267
TRN_141,125,259,249,149,282,262,136,270,256
TRN_141,128,246,237,154,287,251,140,270,243
TRN_141,132,281,279,151,299,287,143,290,283
TRN_141,135,282,226,201,344,278,166,315,249
TRN_141,140,255,247,148,264,251,143,259,248
TRN_141,146,256,249,181,285,264,161,268,257
TRN_141,147,294,278,166,317,291,156,306,284
TRN_141,154,214,229,180,239,242,167,226,235
TRN_141,154,239,311,164,251,316,158,244,313
TRN_141,156,240,260,198,268,294,176,253,276
TRN_141,168,324,273,180,337,282,174,330,277
TRN_141,177,198,269,201,244,287,188,219,277
TRN_141,179,294,285,191,307,290,184,300,287
TRN_141,180,200,291,196,222,295,187,210,293
TRN_141,186,211,294,198,221,298,191,216,296
TRN_141,188,231,246,206,250,258,197,240,252
TRN_141,191,249,275,202,260,280,196,254,277
TRN_141,193,235,275,202,245,279,197,240,276
TRN_141,194,206,293,204,218,298,199,211,295
TRN_141,357,326,229,374,341,242,366,333,235
TRN_147,111,268,272,133,289,285,121,278,279
TRN_147,125,193,319,142,210,331,133,201,324
TRN_147,133,188,340,165,208,352,145,198,346
TRN_147,136,313,305,146,322,311,140,317,308
TRN_147,139,168,352,170,204,365,152,185,358
TRN_147,146,322,294,170,342,316,158,331,303
TRN_147,159,169,341,200,195,352,181,180,346
TRN_147,172,328,302,192,351,314,181,340,308
TRN_149,169,190,86,191,217,95,179,203,90
TRN_151,363,214,92,403,246,101,382,230,96
TRN_152,160,175,91,182,201,100,171,188,96
TRN_153,165,192,274,228,242,300,190,213,287
TRN_153,175,263,267,190,277,277,182,269,271
TRN_153,296,166,256,375,273,300,343,211,281
TRN_153,326,229,251,348,250,269,336,238,259
TRN_153,356,190,248,391,231,271,376,212,258
TRN_153,369,179,258,381,194,267,374,186,262
TRN_155,149,193,105,171,220,112,158,205,108
TRN_155,352,154,101,382,194,108,367,174,103
TRN_155,353,122,81,382,157,90,368,140,85
TRN_155,355,123,77,370,138,82,362,130,79
TRN_155,358,110,61,382,123,65,370,116,63
TRN_155,389,153,69,412,172,74,400,162,71
TRN_155,390,214,90,416,236,99,402,224,94
TRN_156,179,133,156,196,150,165,187,141,160
TRN_156,187,108,191,203,122,198,195,114,194
TRN_156,194,111,159,217,134,181,205,122,169
TRN_156,352,257,176,375,283,190,363,269,183
TRN_158,140,196,321,200,287,342,169,241,331
TRN_158,152,158,286,204,197,307,177,175,295
TRN_158,309,186,320,380,299,338,349,232,327
TRN_158,335,182,260,363,222,279,350,197,270
TRN_159,198,182,62,226,221,73,211,200,67
TRN_159,203,182,73,218,198,78,210,190,75
TRN_159,210,206,71,225,222,76,217,214,73
TRN_160,349,211,104,372,235,114,360,222,108
TRN_163,99,192,60,142,246,74,119,223,66
TRN_163,131,165,64,171,190,73,152,177,68
TRN_163,202,232,35,217,247,40,209,239,37
TRN_163,339,213,101,353,228,107,345,220,103
TRN_163,348,202,98,370,221,103,360,211,100
TRN_164,300,207,102,364,264,124,330,232,113
TRN_165,428,251,70,444,266,75,436,258,72
TRN_166,171,176,200,189,190,211,179,182,205
TRN_166,171,297,229,180,306,236,175,301,232
TRN_166,193,209,217,218,225,229,205,216,222
TRN_169,313,176,51,347,208,59,326,191,55
TRN_169,318,171,44,381,222,75,342,193,58
TRN_169,336,156,36,453,275,67,401,198,52
TRN_169,338,179,12,359,202,24,349,191,18
TRN_169,340,211,81,353,222,86,346,216,83
TRN_169,346,193,46,444,298,89,402,236,67
TRN_169,354,176,45,368,199,53,361,187,49
TRN_169,357,166,15,376,189,24,365,174,19
TRN_169,357,181,72,371,193,77,363,187,74
TRN_169,364,236,65,390,255,76,376,243,70
TRN_169,374,197,59,388,209,65,380,203,62
TRN_169,378,261,53,399,279,61,387,269,57
TRN_169,388,196,73,400,212,78,393,203,75
TRN_169,427,287,47,444,324,55,436,304,50
TRN_170,115,264,66,127,274,71,121,268,68
TRN_170,350,290,85,365,309,94,357,299,89
TRN_171,173,151,167,201,176,179,186,163,172
TRN_174,151,200,271,189,245,295,169,224,281
TRN_174,163,289,202,176,302,208,169,295,205
TRN_174,175,309,202,189,324,209,182,316,205
TRN_174,189,235,297,216,261,310,202,247,302
TRN_175,68,239,64,96,268,75,80,254,68
TRN_175,87,188,55,154,238,70,119,213,62
TRN_175,100,234,85,145,258,92,122,247,87
TRN_175,100,276,83,121,293,89,110,284,86
TRN_175,125,170,70,196,209,85,165,189,77
TRN_175,126,193,79,186,244,101,152,217,90
TRN_175,129,249,87,163,285,97,146,265,91
TRN_175,144,317,76,171,346,88,160,333,82
TRN_175,166,245,97,196,271,107,180,259,102
TRN_175,338,254,94,351,266,99,343,260,96
TRN_175,388,234,74,398,244,78,392,239,76
TRN_176,177,282,340,187,290,347,181,285,343
TRN_178,178,296,205,203,313,213,190,303,209
TRN_179,177,208,116,199,229,127,187,218,121
TRN_181,113,248,93,128,263,99,120,255,96
TRN_182,72,244,82,185,310,203,118,262,141
TRN_182,72,266,87,97,286,109,84,275,99
TRN_182,74,275,120,87,290,133,80,282,126
TRN_182,91,197,127,116,211,140,104,204,133
TRN_182,152,188,249,181,215,269,166,201,258
TRN_182,154,206,259,165,215,263,159,210,261
TRN_184,339,207,107,354,222,113,346,214,110
TRN_184,353,265,100,372,283,107,361,273,103
TRN_186,125,184,91,171,233,104,148,211,97
TRN_186,173,198,103,193,215,108,182,206,105
TRN_186,363,191,102,378,206,107,370,198,104
TRN_186,405,247,86,437,269,93,423,258,89
TRN_188,153,176,181,185,199,204,167,186,189
TRN_189,114,218,254,132,230,265,122,223,259
TRN_189,126,211,252,156,223,265,139,217,257
TRN_189,129,183,228,157,212,243,144,195,235
TRN_190,147,161,183,207,194,201,171,180,192
TRN_190,168,159,178,194,188,185,180,174,181
TRN_190,170,178,219,194,203,231,182,190,224
TRN_190,183,186,228,220,219,251,202,200,239
TRN_190,183,204,219,205,246,232,194,224,225
TRN_190,306,214,234,322,236,253,314,224,245
TRN_190,330,179,225,360,212,244,345,194,234
TRN_190,330,223,214,368,265,238,349,240,225
TRN_191,136,277,88,163,310,97,150,292,92
TRN_193,202,203,116,217,218,121,209,210,118
TRN_193,204,205,121,219,220,126,211,212,123
TRN_195,153,235,92,174,253,101,162,243,96
TRN_195,327,210,80,338,225,85,332,217,82
TRN_196,145,255,93,160,271,98,151,263,95
TRN_197,116,159,146,253,311,289,176,230,214
TRN_197,318,209,234,369,278,266,346,233,247
TRN_197,359,241,215,404,268,230,383,254,221
TRN_197,360,217,250,366,224,254,362,220,251
TRN_198,134,246,209,156,265,219,144,255,214
TRN_198,150,233,218,171,258,229,161,245,223
TRN_198,339,229,128,357,247,137,347,238,132
TRN_199,320,246,42,344,265,50,332,256,45
TRN_199,373,190,24,394,220,33,382,204,28
TRN_200,160,187,95,177,209,100,168,198,97
TRN_200,173,210,86,191,226,92,182,218,89
TRN_202,148,197,85,174,218,92,161,206,88
TRN_202,166,173,112,183,190,117,174,181,114
TRN_204,151,137,51,166,150,56,158,143,53
TRN_205,351,227,94,366,242,99,358,234,96
TRN_206,130,175,291,155,195,309,140,184,301
TRN_206,132,198,406,223,285,519,175,239,460
TRN_206,133,239,411,143,252,416,138,244,413
TRN_206,141,191,296,152,197,300,146,193,298
TRN_206,166,261,410,175,270,414,170,265,411
TRN_206,177,183,346,212,222,399,197,199,374
TRN_206,178,219,524,199,240,530,188,229,526
TRN_206,190,294,371,214,328,392,202,315,382
TRN_206,357,286,312,367,295,319,362,290,315
TRN_207,309,206,271,320,222,279,314,212,274
TRN_208,354,231,107,369,247,112,361,238,109
TRN_209,100,190,81,130,219,89,116,203,84
TRN_210,338,287,90,353,302,95,345,294,92
TRN_211,346,194,113,364,211,123,354,202,117
TRN_212,102,147,199,191,270,263,147,201,228
TRN_214,190,233,88,205,248,95,196,241,91
TRN_214,356,232,88,373,249,94,365,241,90
TRN_215,297,133,248,365,217,292,333,174,271
TRN_215,319,218,207,381,287,236,353,256,225
TRN_217,341,281,61,351,292,66,345,286,63
TRN_217,356,190,66,406,231,80,380,211,72
TRN_217,368,274,48,378,284,53,372,279,50
TRN_217,370,273,43,379,282,47,374,277,44
TRN_217,372,282,45,383,293,49,377,287,47
TRN_218,161,212,117,183,228,123,172,220,120
TRN_219,110,231,47,132,246,52,120,238,49
TRN_219,112,265,42,128,282,47,120,273,44
TRN_219,115,141,84,234,241,118,185,188,102
TRN_219,115,279,42,133,296,48,124,287,44
TRN_219,164,136,89,172,143,94,168,139,91
TRN_221,290,223,74,427,311,109,358,270,89
TRN_221,389,225,76,425,251,85,406,238,80
TRN_221,391,294,61,428,322,76,408,308,67
TRN_221,416,306,56,434,321,62,424,313,58
TRN_222,195,177,92,210,192,97,202,184,94
TRN_222,372,245,86,389,268,93,380,256,89
TRN_222,377,232,88,392,247,93,384,239,90
TRN_223,125,173,108,142,192,115,133,182,111
TRN_224,323,186,92,339,205,99,331,194,95
TRN_225,169,182,101,184,199,107,176,190,104
TRN_225,281,245,119,304,264,124,292,254,121
TRN_225,295,203,69,310,218,74,302,210,71
TRN_225,298,210,105,362,272,129,325,249,116
TRN_225,303,257,122,328,278,129,315,267,125
TRN_225,311,141,48,418,221,89,373,182,71
TRN_225,315,254,81,366,293,90,345,273,85
TRN_225,324,159,87,429,293,125,381,222,103
TRN_225,339,190,51,372,219,60,354,204,54
TRN_225,349,141,55,373,166,62,361,155,58
TRN_225,351,201,59,366,216,64,358,208,61
TRN_225,356,242,59,379,262,64,367,252,61
TRN_225,358,228,81,412,271,90,384,249,85
TRN_225,367,213,63,390,234,69,377,223,65
TRN_225,371,213,69,387,228,74,378,220,71
TRN_225,374,242,56,389,257,61,381,249,58
TRN_225,383,199,47,398,219,54,391,209,50
TRN_225,386,247,61,401,262,66,393,254,63
TRN_225,399,209,69,419,225,74,409,216,71
TRN_225,402,228,65,417,243,70,409,235,67
TRN_225,405,233,59,421,250,64,413,241,61
TRN_225,412,219,64,427,234,69,419,226,66
TRN_226,312,194,106,324,205,111,318,199,108
TRN_229,276,180,51,298,207,59,287,192,55
TRN_232,318,193,57,333,208,62,325,200,59
TRN_232,320,203,100,369,241,113,344,221,106
TRN_233,303,156,95,318,171,100,310,163,97
TRN_233,326,170,99,380,222,116,347,196,105
TRN_233,330,144,89,345,159,94,337,151,91
TRN_233,351,148,87,368,163,94,359,155,90
TRN_233,364,374,81,379,389,86,371,381,83
TRN_233,385,217,87,400,232,92,392,224,89
TRN_233,405,328,78,421,343,83,412,335,80
TRN_235,166,228,116,194,255,126,179,241,120
TRN_235,168,280,90,191,305,95,178,292,92
TRN_235,287,137,77,317,166,89,301,152,83
TRN_235,289,160,101,402,243,127,333,196,116
TRN_235,314,156,95,333,175,102,323,165,98
TRN_235,325,259,114,346,280,121,335,269,117
TRN_235,326,245,89,357,279,98,340,263,93
TRN_235,330,248,75,406,372,112,368,314,90
TRN_235,355,308,97,404,349,107,375,327,101
TRN_235,372,239,101,410,273,115,391,257,107
TRN_235,386,247,84,401,262,89,393,254,86
TRN_239,161,187,99,179,203,104,169,195,101
TRN_240,133,222,103,148,237,108,140,229,105
TRN_241,145,215,130,156,226,137,150,220,133
TRN_242,358,218,82,389,234,91,374,225,86
TRN_242,359,202,85,373,223,92,366,212,88
TRN_242,386,208,82,395,219,86,390,213,84
TRN_243,331,259,78,346,274,83,338,266,80
TRN_244,124,168,65,169,206,76,145,187,70
TRN_245,303,179,103,344,214,115,323,196,108
TRN_245,318,139,83,329,150,87,323,144,84
TRN_245,318,147,90,351,181,106,332,165,98
TRN_245,350,212,99,367,229,106,357,220,102
TRN_245,362,302,80,372,312,85,367,306,82
TRN_249,121,182,280,137,197,289,128,189,284
TRN_250,142,263,166,155,280,175,149,270,170
TRN_251,100,133,152,124,156,161,112,144,156
TRN_251,157,184,228,190,207,243,173,195,236
TRN_251,288,154,198,399,245,248,344,196,222
TRN_251,294,137,184,315,159,193,304,147,188
TRN_251,339,123,166,408,177,193,373,149,180
TRN_252,71,131,47,242,221,97,162,156,69
TRN_253,342,187,101,364,209,109,352,196,104
TRN_257,116,224,98,128,238,104,122,231,101
TRN_258,325,305,105,363,334,112,340,319,108
TRN_261,109,173,109,190,216,126,150,195,117
TRN_261,132,163,96,167,195,109,150,178,102
TRN_261,153,156,95,168,171,100,160,163,97
TRN_261,174,187,111,190,202,116,182,194,113
TRN_261,199,195,119,220,216,126,209,205,122
TRN_263,318,186,97,395,237,117,356,212,107
TRN_263,330,177,93,365,203,103,347,189,98
TRN_264,130,219,74,149,238,79,139,228,76
TRN_264,161,207,67,178,224,72,170,215,68
TRN_265,114,198,54,125,210,59,119,204,56
TRN_268,131,200,94,209,260,115,171,226,103
TRN_268,189,157,80,221,188,88,204,172,84
TRN_268,193,204,79,240,235,88,216,219,83
TRN_268,211,170,63,238,197,70,224,183,66
TRN_268,272,185,87,410,338,118,338,237,99
TRN_268,301,158,91,328,185,98,314,171,94
TRN_268,339,133,73,373,170,86,355,151,79
TRN_268,368,283,68,407,322,79,387,302,73
TRN_269,224,200,223,237,209,231,230,204,227
TRN_270,304,189,106,348,258,124,328,217,114
TRN_271,134,199,70,153,215,74,143,206,72
TRN_271,149,186,71,164,201,76,156,193,73
TRN_271,343,280,59,419,326,69,383,300,62
TRN_273,341,198,86,375,244,102,358,217,95
TRN_274,325,140,40,353,158,45,338,149,42
TRN_274,325,173,89,355,206,102,338,187,95
TRN_274,329,188,90,338,197,94,333,192,91
TRN_275,351,161,105,374,179,113,362,170,108
TRN_278,336,181,102,380,219,117,358,198,109
TRN_280,130,251,89,153,269,96,141,259,92
TRN_280,132,193,91,187,249,106,159,224,98
TRN_281,156,230,96,176,247,104,165,237,100
TRN_284,180,203,95,190,216,101,184,209,97
TRN_285,302,182,59,331,209,70,316,196,63
TRN_285,348,293,83,386,354,93,363,321,87
TRN_285,375,203,92,397,233,102,385,217,96
TRN_285,381,202,73,403,227,81,393,213,76
TRN_286,125,238,87,133,245,91,129,241,89
TRN_286,137,302,75,144,310,79,140,306,77
TRN_286,141,181,72,184,213,84,162,195,77
TRN_286,156,275,82,169,286,87,162,281,84
TRN_286,198,221,98,229,252,107,214,236,102
TRN_287,325,171,89,356,205,102,339,187,95
TRN_290,143,192,118,158,207,123,150,199,120
TRN_290,157,179,120,200,202,132,182,189,125
TRN_291,146,223,74,160,233,79,153,227,76
TRN_291,165,217,69,174,227,74,169,221,71
TRN_291,177,216,70,183,224,74,180,220,71
TRN_291,177,226,84,196,244,90,185,236,86
TRN_291,320,239,91,335,253,97,327,245,94
TRN_292,161,155,90,218,179,102,186,165,95
TRN_294,112,241,81,160,274,97,136,257,89
TRN_294,123,234,79,138,249,84,130,241,81
TRN_294,127,224,97,142,239,102,134,231,99
TRN_294,136,201,93,151,216,98,143,208,95
TRN_294,152,217,98,167,232,103,159,224,100
TRN_294,165,221,100,190,239,106,177,230,102
TRN_295,311,155,71,361,195,88,337,175,79
TRN_295,337,192,91,354,208,100,345,199,95
TRN_295,339,171,68,354,186,73,346,178,70
TRN_296,99,201,54,115,216,59,106,208,56
TRN_296,161,164,37,176,179,42,168,171,39
TRN_296,194,170,57,209,185,62,201,177,59
TRN_296,201,214,91,216,229,96,208,221,93
TRN_296,203,195,91,218,210,96,210,202,93
TRN_297,161,195,81,176,210,88,168,202,84
TRN_298,276,158,26,412,278,70,347,214,47
TRN_298,288,166,70,335,232,77,314,201,73
TRN_298,301,209,68,412,294,104,352,244,88
TRN_298,343,242,72,364,265,80,353,253,76
TRN_298,358,256,91,379,275,96,368,265,93
TRN_298,410,224,40,422,257,45,416,240,42
TRN_299,155,147,76,170,162,81,162,154,78
TRN_300,127,201,101,165,226,111,147,213,105
TRN_300,330,263,73,397,326,96,367,291,83
TRN_301,124,279,83,139,294,88,131,286,85
TRN_301,127,260,89,156,291,99,140,274,94
TRN_301,134,261,83,149,276,88,141,268,85
TRN_301,142,294,84,205,354,99,173,323,90
TRN_301,178,342,78,198,367,86,188,354,82
TRN_303,406,197,21,428,218,27,416,207,24
TRN_304,155,223,101,170,238,106,162,230,103
TRN_308,181,120,277,199,141,290,189,131,284
TRN_310,181,150,74,215,193,84,199,169,79
TRN_311,358,243,335,389,271,368,372,257,352
TRN_311,367,256,367,376,265,371,371,260,368
TRN_312,116,225,93,129,238,98,122,231,95
TRN_312,176,197,99,185,211,104,180,204,101
TRN_312,318,160,88,330,172,93,324,165,90
TRN_312,386,259,88,399,274,93,392,266,90
TRN_313,112,236,228,133,257,239,122,246,233
TRN_313,361,258,233,411,306,269,386,281,249
TRN_314,312,191,98,326,205,103,318,198,100
TRN_314,319,181,101,331,193,106,325,186,103
TRN_316,178,128,68,193,143,73,185,135,70
TRN_317,137,282,46,152,297,51,144,289,48
TRN_317,142,161,62,201,209,79,172,183,69
TRN_317,147,199,92,168,219,97,157,209,94
TRN_317,174,192,99,195,211,104,184,201,101
TRN_317,193,189,92,208,204,97,200,196,94
TRN_320,340,174,63,369,198,73,355,186,68
TRN_320,368,200,77,415,257,94,391,225,86
TRN_321,125,155,213,215,215,266,167,181,245
TRN_321,358,227,184,379,251,204,368,239,194
TRN_323,108,176,236,164,244,263,128,210,248
TRN_323,128,250,273,136,263,280,131,255,276
TRN_323,138,201,258,170,231,284,154,214,270
TRN_323,140,113,158,167,137,172,152,123,164
TRN_323,169,146,221,179,154,228,173,150,224
TRN_323,175,150,159,186,158,168,181,154,163
TRN_323,317,171,243,407,268,291,362,216,266
TRN_323,359,131,99,388,164,115,372,143,107
TRN_326,112,176,38,134,195,42,124,185,40
TRN_326,161,174,39,176,193,43,168,183,40
TRN_328,124,184,91,171,234,104,147,211,97
TRN_328,173,198,103,188,213,108,180,205,105
TRN_328,362,190,102,377,205,107,369,197,104
TRN_328,404,255,88,419,270,93,411,262,90
TRN_328,417,248,86,436,269,91,426,258,88
TRN_329,106,238,88,180,301,105,142,259,97
TRN_329,176,213,90,216,247,100,195,227,94
TRN_329,222,238,94,252,265,107,234,248,99
TRN_330,131,228,240,158,258,263,143,244,251
TRN_330,146,220,251,166,239,266,156,229,258
TRN_330,166,241,229,189,254,247,178,247,236
TRN_330,173,210,258,232,265,304,204,241,282
TRN_330,185,222,229,205,248,246,195,235,236
TRN_330,199,257,229,214,272,247,207,264,237
TRN_330,204,210,252,225,229,264,214,219,258
TRN_330,223,215,275,229,222,279,226,218,277
TRN_330,305,200,248,342,235,273,324,218,259
TRN_330,307,200,222,405,281,300,359,237,261
TRN_330,321,238,272,332,248,277,326,242,274
TRN_330,333,202,266,361,223,280,347,212,273
TRN_330,334,238,234,355,264,253,344,252,242
TRN_330,354,293,232,382,338,251,368,309,240
TRN_330,355,272,248,369,292,261,362,283,254
TRN_330,357,263,257,367,270,261,361,266,258
TRN_330,375,255,272,387,265,276,380,260,274
TRN_330,386,294,216,395,301,220,391,297,217
TRN_330,387,283,216,411,318,229,399,301,222
TRN_330,389,266,211,408,284,227,401,274,221
TRN_332,301,154,94,317,172,101,308,162,97
TRN_332,314,173,100,367,216,115,341,193,106
TRN_332,329,210,95,380,274,102,354,241,98
TRN_332,342,191,107,348,197,112,344,194,109
TRN_332,352,146,86,367,162,92,359,153,88
TRN_332,363,197,100,384,218,107,373,207,103
TRN_335,178,236,241,195,251,250,186,243,245
TRN_335,178,252,248,186,261,252,181,256,250
TRN_335,182,243,248,198,259,257,191,251,252
TRN_335,289,196,226,361,269,257,331,237,240
TRN_336,124,251,99,142,266,104,132,258,101
TRN_336,125,286,95,138,299,100,131,292,97
TRN_336,158,159,79,180,179,85,169,169,82
TRN_336,179,154,88,194,169,93,186,161,90
TRN_337,317,165,81,418,246,110,371,201,96
TRN_339,350,223,104,361,256,110,354,239,107
TRN_339,352,239,96,381,275,107,367,260,100
TRN_340,95,332,57,110,347,62,102,339,59
TRN_340,301,278,93,325,300,103,313,288,98
TRN_340,391,242,80,410,261,90,400,251,84
TRN_341,114,219,89,153,252,103,132,235,95
TRN_341,140,183,100,163,223,108,151,203,103
TRN_342,137,170,82,225,238,103,188,194,90
TRN_343,339,174,63,358,192,70,348,182,66
TRN_344,99,200,91,128,228,101,114,212,95
TRN_345,120,99,155,157,129,174,136,114,164
TRN_345,138,130,248,179,167,273,155,148,259
TRN_349,374,183,66,391,203,73,382,192,69
TRN_350,292,141,67,310,157,73,300,148,69
TRN_350,318,228,100,333,242,106,325,234,103
TRN_350,320,257,94,338,278,100,329,267,97
TRN_350,332,211,99,352,236,107,341,221,102
TRN_350,336,217,88,388,261,100,358,237,93
TRN_352,322,218,253,335,228,261,327,222,256
TRN_352,325,219,235,341,234,250,332,226,242
TRN_352,344,227,235,359,240,244,351,233,239
TRN_353,172,206,106,196,224,116,183,214,110
TRN_353,214,192,102,229,217,116,222,206,107
TRN_354,280,185,197,300,205,207,289,194,201
TRN_354,293,195,197,316,213,205,304,204,201
TRN_354,313,227,196,341,246,206,325,236,200
TRN_354,317,153,179,377,249,202,348,194,191
TRN_354,322,181,196,355,224,208,336,203,201
TRN_354,359,180,173,391,233,186,374,212,178
TRN_355,115,169,18,182,197,31,148,181,24
TRN_357,178,222,99,193,237,104,185,229,101
TRN_357,294,222,82,309,237,87,301,229,84
TRN_360,132,207,113,148,221,118,139,214,115
TRN_360,178,213,108,192,226,114,184,218,111
TRN_360,309,234,122,327,246,127,317,240,124
TRN_360,351,192,103,403,229,116,375,209,108
TRN_361,333,187,80,345,198,85,339,192,82
TRN_362,387,243,105,402,258,110,394,250,107
TRN_363,316,196,305,330,209,313,323,202,308
TRN_363,331,183,302,351,208,312,342,196,307
TRN_363,344,205,297,356,218,302,350,212,299
TRN_365,151,145,83,202,193,96,176,166,90
TRN_365,175,162,83,190,177,88,182,169,85
TRN_365,183,188,128,219,217,137,197,202,133
TRN_365,194,185,94,211,203,101,202,194,97
TRN_365,211,187,96,226,202,101,218,194,98
TRN_366,302,210,77,338,236,88,320,223,82
TRN_366,360,213,75,376,229,80,368,220,77
TRN_367,109,114,93,236,287,125,176,201,107
TRN_367,147,113,83,246,175,105,199,142,92
TRN_367,165,111,71,180,126,76,172,118,73
TRN_367,169,114,94,203,151,104,185,131,98
TRN_367,177,128,79,201,168,84,188,146,81
TRN_367,189,172,94,204,187,99,196,179,96
TRN_367,193,116,71,223,156,84,208,136,77
TRN_367,196,151,88,212,175,93,203,163,90
TRN_367,204,177,86,230,194,91,217,185,88
TRN_367,205,176,112,220,191,117,212,183,114
TRN_367,206,182,113,236,209,127,220,195,119
TRN_367,229,169,112,244,184,117,236,176,114
TRN_367,232,160,102,247,175,107,239,167,104
TRN_367,296,145,87,314,162,94,304,153,90
TRN_367,352,173,109,383,198,116,367,185,112
TRN_367,355,188,93,376,218,104,366,202,98
TRN_367,381,172,103,396,187,108,388,179,105
TRN_367,390,291,84,405,306,89,397,298,86
TRN_367,409,186,106,427,203,112,418,194,109
TRN_368,312,264,87,331,284,96,321,274,91
TRN_370,348,206,31,378,231,39,361,217,34
TRN_372,181,221,98,199,243,106,189,231,102
TRN_373,181,217,106,215,265,120,198,240,112
TRN_373,354,250,97,386,277,105,369,263,100
TRN_374,193,171,112,213,194,118,203,183,115
TRN_374,196,144,104,216,173,112,205,158,108
TRN_375,183,199,101,190,207,105,186,202,103
TRN_376,162,209,175,177,225,185,169,217,179
TRN_376,295,163,154,338,219,183,316,186,168
TRN_376,337,156,83,346,165,90,341,160,86
TRN_377,156,222,97,163,229,103,159,225,100
TRN_378,105,167,50,140,194,63,122,178,55
TRN_379,335,147,24,363,178,30,348,161,26
TRN_380,291,169,74,339,194,85,313,181,80
TRN_380,324,187,72,339,202,77,331,194,74
TRN_380,338,180,74,353,195,79,345,187,76
TRN_381,157,203,169,171,222,181,164,212,175
TRN_381,287,168,159,342,213,182,320,187,169
TRN_381,290,148,120,321,173,139,303,159,129
TRN_381,326,136,120,350,154,132,337,145,125
TRN_381,339,171,150,360,190,161,349,179,155
TRN_382,340,186,91,357,203,98,348,194,94
TRN_383,184,230,280,213,251,303,197,241,290
TRN_383,299,221,261,329,235,284,312,227,270
TRN_383,321,219,256,415,300,316,366,258,289
TRN_383,336,180,218,408,248,265,370,216,245
TRN_383,380,167,206,399,178,217,389,172,211
TRN_383,382,280,251,398,292,257,390,285,254
TRN_384,150,199,209,168,220,221,158,209,214
TRN_384,157,144,179,184,168,192,169,155,185
TRN_384,158,143,207,188,170,221,171,157,214
TRN_384,313,139,175,357,181,212,334,159,192
TRN_384,358,166,170,383,187,183,369,176,176
TRN_385,108,180,183,134,194,209,120,186,196
TRN_385,113,165,166,146,202,187,128,184,176
TRN_387,125,188,98,151,217,109,138,203,103
TRN_388,343,195,112,360,208,119,351,201,115
TRN_389,156,133,295,221,225,316,186,182,305
TRN_389,158,105,249,225,169,283,188,137,269
TRN_390,409,222,78,424,237,83,416,229,80
TRN_391,315,170,79,327,184,84,320,176,81
TRN_391,343,200,102,354,210,107,348,205,104
TRN_391,348,248,105,360,265,111,354,256,107
TRN_391,374,206,91,395,223,97,383,215,93
TRN_393,103,196,248,256,366,350,181,269,290
TRN_393,168,179,204,220,225,241,197,199,224
TRN_393,266,182,233,436,329,333,360,255,287
TRN_394,168,188,92,179,200,98,173,194,94
TRN_394,168,193,98,178,203,102,172,198,100
TRN_394,179,184,100,194,206,107,186,197,103
TRN_395,180,188,92,193,203,97,186,195,94
TRN_395,198,194,100,209,205,104,203,199,102
TRN_396,313,187,108,360,233,130,335,211,119
TRN_396,318,181,87,333,196,92,325,188,89
TRN_397,303,177,101,362,232,118,334,204,108
TRN_398,140,163,65,163,193,72,151,177,68
TRN_399,317,129,73,364,149,79,340,138,76
TRN_400,310,86,159,339,104,170,323,94,164
TRN_400,324,90,167,352,112,185,337,102,175
TRN_401,137,156,68,148,167,73,142,161,70
TRN_401,327,143,53,338,154,58,332,148,55
TRN_403,408,203,32,432,223,37,418,212,34
TRN_404,359,205,94,370,218,99,364,211,96
TRN_407,145,181,332,208,215,367,176,198,349
TRN_407,158,205,347,190,243,379,176,224,362
TRN_407,202,148,300,220,168,311,210,157,305
TRN_408,415,204,72,430,219,78,422,211,74
TRN_409,320,188,95,345,218,109,331,204,101
TRN_410,163,187,69,196,220,80,179,203,74
TRN_410,168,213,106,183,228,111,175,220,108
TRN_411,194,219,115,214,237,126,204,227,120
TRN_411,314,205,99,338,236,112,325,219,104
TRN_411,319,206,85,375,242,98,348,222,90
TRN_411,322,218,111,349,245,123,335,231,117
TRN_411,330,219,93,392,306,118,361,262,106
TRN_413,175,268,95,187,281,100,180,274,97
TRN_414,301,173,71,318,196,76,309,184,73
TRN_414,307,208,111,322,223,116,314,215,113
TRN_414,325,207,106,349,225,113,337,215,109
TRN_414,336,161,87,375,186,96,355,175,92
TRN_414,353,200,110,372,216,116,362,207,112
TRN_414,365,208,107,380,223,112,372,215,109
TRN_414,368,223,106,383,238,111,375,230,108
TRN_415,127,142,52,139,153,57,133,148,54
TRN_415,133,183,52,147,196,57,139,188,54
TRN_415,193,149,37,213,174,44,202,159,40
TRN_416,111,166,74,165,225,91,137,189,81
TRN_416,186,167,79,204,184,87,195,174,83
TRN_417,115,170,271,142,193,290,128,182,280
TRN_417,150,193,297,162,206,307,155,199,300
TRN_417,302,121,269,319,139,283,310,129,276
TRN_417,318,172,296,339,191,317,328,182,307
TRN_417,321,176,288,335,190,297,328,182,292
TRN_417,344,155,275,366,178,291,354,167,282
TRN_418,163,184,91,178,199,96,170,191,93
TRN_419,330,229,73,403,305,102,359,266,89
TRN_420,121,130,268,132,139,275,126,134,271
TRN_420,136,129,270,145,138,277,140,133,273
TRN_420,141,122,268,158,142,283,149,130,275
TRN_420,143,114,280,181,152,300,164,131,289
TRN_420,162,251,165,171,259,174,167,254,169
TRN_420,197,136,297,207,147,302,201,141,299
TRN_421,342,220,84,360,246,92,351,233,87
TRN_421,401,219,84,412,229,88,406,224,86
TRN_422,304,181,204,374,228,258,337,204,231
TRN_423,140,252,112,171,280,120,156,265,115
TRN_426,137,278,83,152,293,88,144,285,85
TRN_426,314,152,75,368,190,95,340,170,84
TRN_426,329,205,104,395,274,124,363,239,113
TRN_426,370,334,89,385,349,94,377,341,91
TRN_426,416,236,64,440,254,72,427,244,67
TRN_427,148,131,71,163,146,76,155,138,73
TRN_429,87,202,36,102,217,41,94,209,38
TRN_429,100,262,56,115,277,61,107,269,58
TRN_429,119,167,73,178,248,96,148,209,84
TRN_429,122,184,51,152,211,60,135,196,55
TRN_429,148,242,41,163,257,46,155,249,43
TRN_429,150,268,70,165,283,75,157,275,72
TRN_429,155,246,72,182,274,83,168,261,78
TRN_429,161,177,56,190,208,66,175,192,60
TRN_429,163,242,70,178,257,75,170,249,72
TRN_429,165,181,79,209,219,91,190,196,85
TRN_429,171,240,43,186,255,48,178,247,45
TRN_429,183,265,72,198,280,77,190,272,74
TRN_429,187,199,91,206,227,99,196,213,94
TRN_429,190,325,54,219,345,61,204,336,57
TRN_429,195,236,83,210,251,88,202,243,85
TRN_429,197,223,91,217,242,98,207,232,94
TRN_429,298,126,14,444,322,103,373,210,57
TRN_430,303,149,79,318,164,84,310,156,81
TRN_431,133,130,37,173,158,49,153,145,43
TRN_431,156,126,46,172,142,50,164,133,48
TRN_432,69,222,154,93,243,163,80,232,158
TRN_432,76,203,154,98,222,164,86,212,158
TRN_432,80,247,158,95,262,167,87,254,162
TRN_432,93,166,165,120,182,174,106,174,169
TRN_432,99,187,167,114,202,176,106,194,171
TRN_434,136,240,88,144,248,92,140,243,89
TRN_434,141,214,88,163,229,94,150,221,90
TRN_434,285,202,76,385,261,111,334,232,91
TRN_434,322,169,68,352,204,77,337,180,72
TRN_436,129,296,71,148,320,77,139,308,73
TRN_436,339,202,55,357,223,60,348,212,57
TRN_437,356,192,98,371,207,103,363,199,100
TRN_438,318,264,83,346,299,90,328,281,86
TRN_438,319,259,81,331,279,87,325,268,84
TRN_438,324,267,89,342,280,95,333,273,92
TRN_438,333,299,82,353,314,86,340,306,83
TRN_440,136,290,86,154,319,95,144,302,90
TRN_440,191,222,97,207,237,102,198,229,99
TRN_442,108,197,96,125,217,102,116,207,98
TRN_443,364,282,156,377,294,162,370,288,158
TRN_444,136,229,106,159,248,113,147,238,109
TRN_444,167,207,108,182,222,113,174,214,110
TRN_446,423,200,40,442,218,47,432,208,43
TRN_447,125,160,99,188,202,112,153,179,105
TRN_447,325,131,83,339,146,89,331,138,85
TRN_447,374,224,80,386,236,85,380,230,82
TRN_448,149,246,308,187,267,332,160,256,320
TRN_448,156,297,376,169,309,389,162,302,382
TRN_448,187,188,345,214,210,379,199,199,364
TRN_448,319,175,286,365,226,357,340,196,323
TRN_448,349,244,354,362,272,370,355,259,360
TRN_449,140,173,82,212,221,105,176,194,91
TRN_449,178,254,85,196,264,90,186,258,87
TRN_449,214,211,59,226,225,65,220,217,61
TRN_449,321,166,43,334,179,47,327,172,44
TRN_449,341,216,84,352,228,89,346,222,86
TRN_449,344,302,75,355,313,80,349,307,77
TRN_449,372,290,65,383,300,70,377,295,67
TRN_450,163,133,203,213,206,239,184,165,225
TRN_450,168,139,92,189,159,123,178,149,106
TRN_452,135,158,83,148,172,90,141,165,86
TRN_452,334,146,96,343,155,101,338,151,98
TRN_456,117,185,83,162,232,97,141,210,89
TRN_456,168,215,99,193,231,106,180,224,102
TRN_456,170,197,95,193,224,103,181,210,98
TRN_456,176,189,71,191,205,77,183,196,74
TRN_456,384,270,63,399,285,68,391,277,65
TRN_458,86,163,179,205,296,239,139,232,212
TRN_458,147,201,232,224,298,266,183,254,247
TRN_458,183,370,184,200,387,195,191,378,189
TRN_458,198,361,184,215,378,195,206,369,189
TRN_458,280,128,127,441,223,181,359,163,151
TRN_458,282,132,83,421,190,123,340,155,107
TRN_458,287,162,178,434,286,256,363,213,212
TRN_458,309,194,132,348,223,146,325,210,138
TRN_458,328,338,175,343,355,186,335,346,180
TRN_458,333,357,156,350,374,165,341,365,160
TRN_458,379,201,152,439,241,167,410,219,160
TRN_458,419,276,156,436,293,166,427,284,160
TRN_459,136,173,62,160,202,73,148,187,67
TRN_459,146,197,58,161,210,63,153,203,60
TRN_459,147,150,37,214,202,69,180,173,53
TRN_459,154,166,68,171,183,74,162,174,70
TRN_459,166,194,60,185,209,65,175,200,62
TRN_459,204,186,55,220,204,62,212,195,58
TRN_461,124,236,87,134,246,91,129,241,89
TRN_461,140,181,72,184,214,84,161,196,77
TRN_463,325,257,112,349,279,119,338,267,115
TRN_463,331,249,112,343,262,116,336,255,113
TRN_463,347,264,110,364,283,118,354,275,113
TRN_465,325,225,105,339,236,109,332,230,106
TRN_465,360,338,69,375,353,74,367,345,71
TRN_467,342,185,101,368,208,109,354,196,104
TRN_468,157,163,98,166,172,103,161,167,100
TRN_468,183,167,78,193,177,83,187,172,80
TRN_469,400,263,96,413,274,100,406,268,98
TRN_470,337,180,86,374,215,98,355,196,92
TRN_472,320,174,96,385,201,109,352,186,101
TRN_472,333,216,117,345,233,122,339,225,119
TRN_472,346,177,105,376,199,113,362,188,108
TRN_472,355,253,102,373,284,109,364,268,105
TRN_472,358,191,110,380,208,116,369,200,112
TRN_472,374,191,99,392,213,104,382,201,101
TRN_472,394,196,91,425,218,96,409,208,93
TRN_473,139,118,79,229,181,95,184,148,86
TRN_474,162,240,346,206,287,392,186,265,367
TRN_474,192,304,337,203,318,347,198,310,341
TRN_477,72,228,40,126,294,57,98,258,49
TRN_477,73,160,48,201,315,99,127,239,70
TRN_477,76,210,39,92,225,44,84,217,41
TRN_477,79,272,39,95,289,44,86,280,41
TRN_477,83,230,36,99,254,41,91,242,38
TRN_477,95,179,36,114,209,41,104,193,38
TRN_477,111,143,48,169,202,61,139,172,54
TRN_478,148,280,210,156,292,218,152,286,213
TRN_478,169,189,210,240,269,285,206,232,254
TRN_478,300,194,214,358,257,255,330,224,232
TRN_479,155,159,95,170,174,100,162,166,97
TRN_479,166,176,95,196,209,106,180,193,101
TRN_479,189,190,104,208,212,111,199,200,107
TRN_480,113,218,74,124,229,78,118,224,75
TRN_482,329,189,89,411,277,117,379,228,105
TRN_483,90,274,73,123,309,84,106,291,78
TRN_483,120,180,62,141,201,69,130,190,65
TRN_483,290,151,69,428,289,123,358,218,100
TRN_483,324,166,55,344,185,63,334,176,58
TRN_483,340,183,43,355,198,48,347,190,45
TRN_483,367,241,84,401,274,93,384,257,88
TRN_483,370,154,60,389,172,65,379,162,62
TRN_483,371,304,75,421,360,87,395,332,81
TRN_483,396,277,87,411,292,92,403,284,89
TRN_484,307,179,102,317,189,107,312,183,104
TRN_487,106,196,224,196,260,247,147,224,235
TRN_487,118,158,162,135,177,173,126,166,167
TRN_487,129,212,209,163,240,223,144,225,215
TRN_487,129,243,198,151,268,208,139,254,203
TRN_487,145,230,197,164,259,208,154,242,202
TRN_487,147,176,173,164,195,182,155,185,177
TRN_487,150,127,170,213,189,191,176,160,179
TRN_487,167,208,263,187,226,276,177,217,269
TRN_487,169,130,199,192,160,211,179,143,204
TRN_487,176,120,140,204,157,160,190,138,150
TRN_487,180,154,201,203,190,214,191,172,207
TRN_487,284,127,166,301,150,177,291,139,171
TRN_487,290,108,166,310,126,177,298,116,171
TRN_487,297,103,172,328,140,189,312,123,181
TRN_487,306,131,257,344,172,282,326,152,269
TRN_487,324,122,166,354,142,177,340,132,170
TRN_487,328,131,245,355,157,258,341,143,251
TRN_487,340,168,266,361,187,273,350,177,269
TRN_487,344,141,254,404,189,289,366,163,269
TRN_487,344,176,272,380,212,289,363,195,279
TRN_487,349,194,254,387,216,273,368,205,263
TRN_487,351,165,199,431,243,245,399,203,225
TRN_487,372,285,186,402,326,208,386,307,196
TRN_487,376,246,200,396,290,213,387,267,207
TRN_487,377,193,160,393,209,167,384,200,163
TRN_487,391,255,210,423,282,222,407,268,216
TRN_487,393,176,167,424,200,189,409,187,179
TRN_487,407,218,159,426,238,169,416,227,164
TRN_490,170,185,261,196,208,280,182,198,270
TRN_491,317,155,194,336,174,202,326,164,197
TRN_495,117,173,155,218,236,210,160,204,179
TRN_495,130,235,158,179,261,177,157,248,166
TRN_495,137,244,145,179,268,158,159,257,151
TRN_495,137,273,167,152,288,173,144,279,169
TRN_495,141,261,195,159,276,207,150,267,201
TRN_495,147,233,182,169,250,193,158,241,188
TRN_495,147,253,173,176,271,194,162,261,183
TRN_495,166,299,153,181,331,161,173,315,157
TRN_495,169,290,137,179,307,146,173,299,141
TRN_495,170,281,138,184,290,144,176,285,141
TRN_495,171,219,157,184,235,163,178,227,160
TRN_495,171,300,130,219,343,148,195,324,138
TRN_495,174,224,163,205,251,169,190,234,165
TRN_495,183,214,186,201,235,197,191,224,192
TRN_495,188,169,152,198,180,159,192,174,155
TRN_495,197,298,138,206,309,143,201,304,140
TRN_495,263,144,45,418,350,235,342,223,146
TRN_495,264,230,212,283,257,225,273,245,217
TRN_495,270,254,224,284,271,235,277,262,229
TRN_495,282,178,88,307,208,108,295,194,97
TRN_495,293,268,145,307,283,149,299,275,147
TRN_495,294,203,83,307,214,89,300,208,86
TRN_495,295,236,96,313,251,100,303,244,98
TRN_495,296,204,99,305,214,104,300,209,101
TRN_495,297,235,100,323,253,114,310,243,107
TRN_495,297,269,152,316,294,162,305,284,156
TRN_495,298,313,149,327,347,161,312,329,154
TRN_495,299,274,207,317,294,220,308,284,212
TRN_495,300,300,150,312,319,156,305,309,153
TRN_495,301,211,83,333,236,97,313,224,90
TRN_495,302,219,96,325,236,106,314,227,100
TRN_495,304,271,189,314,280,193,309,275,191
TRN_495,305,272,142,346,310,151,323,289,146
TRN_495,314,254,107,377,310,136,350,289,121
TRN_495,317,250,84,333,265,90,324,257,86
TRN_495,320,235,75,338,268,84,329,250,78
TRN_495,321,233,100,331,244,104,325,238,101
TRN_495,322,328,149,334,339,156,328,333,153
TRN_495,323,245,70,335,268,76,328,256,73
TRN_495,324,253,80,334,266,84,328,259,81
TRN_495,325,289,144,368,330,161,343,307,152
TRN_495,326,253,119,339,268,124,332,260,121
TRN_495,327,176,55,353,202,70,339,191,62
TRN_495,327,270,149,341,283,153,333,276,151
TRN_495,330,262,181,344,275,188,337,268,184
TRN_495,337,266,119,350,279,123,342,272,120
TRN_495,355,302,143,371,320,147,362,311,144
TRN_495,361,302,82,386,319,89,373,310,85
TRN_495,371,304,76,385,321,83,377,312,79
TRN_496,318,195,48,335,213,53,327,203,50
TRN_496,328,203,41,358,218,50,342,208,45
TRN_496,349,222,35,368,254,43,359,237,39
TRN_497,108,183,61,131,210,69,119,194,64
TRN_497,115,257,90,131,279,97,122,266,93
TRN_498,102,223,86,133,247,98,115,235,91
TRN_498,117,185,90,144,219,96,131,202,93
TRN_498,120,205,84,129,215,88,124,210,86
TRN_498,126,199,95,153,227,103,138,214,98
TRN_498,142,209,87,160,219,92,151,213,89
TRN_498,148,195,100,161,211,106,154,203,102
TRN_498,148,229,94,158,238,98,152,233,96
TRN_498,156,194,92,170,210,98,162,201,94
TRN_498,156,216,89,175,233,94,166,224,91
TRN_498,169,195,97,180,204,101,174,199,98
TRN_498,173,205,92,184,215,96,178,210,94
TRN_498,180,193,97,191,203,101,185,197,99
TRN_498,344,265,87,354,276,92,349,270,89
TRN_498,350,273,91,360,284,95,354,278,92
TRN_498,355,323,76,365,333,80,360,328,78
TRN_499,160,164,96,178,183,101,168,173,98
TRN_500,172,171,42,192,189,48,181,178,44
TRN_502,113,164,89,150,195,99,131,179,93
TRN_503,119,267,54,139,289,61,129,277,57
TRN_503,176,223,88,188,236,96,181,229,91
TRN_503,181,313,73,205,329,79,191,321,75
TRN_503,370,204,85,399,239,94,387,223,89
TRN_503,370,233,95,386,246,102,378,239,98
TRN_503,380,212,70,408,231,77,397,220,73
TRN_503,389,246,79,405,268,87,397,257,82
TRN_504,75,137,70,287,350,137,173,228,105
TRN_504,311,159,110,349,189,119,327,173,114
TRN_505,136,191,102,162,214,111,149,200,106
TRN_505,160,171,89,175,186,94,167,178,91
TRN_505,184,176,100,199,191,105,191,183,102
TRN_506,150,192,105,170,214,114,159,203,109
TRN_508,103,268,254,121,285,265,111,276,259
TRN_508,113,300,230,132,322,237,122,310,233
TRN_508,119,292,266,132,305,273,125,298,269
TRN_508,141,271,255,158,288,264,149,279,259
TRN_508,147,324,255,164,342,265,156,333,260
TRN_508,158,353,231,173,368,237,165,360,233
TRN_508,164,335,230,175,346,237,169,340,233
TRN_508,308,201,278,369,250,304,340,227,290
TRN_508,316,208,266,330,223,276,323,215,271
TRN_508,334,190,229,397,235,260,367,214,245
TRN_508,337,145,133,397,188,203,365,163,171
TRN_508,337,184,265,356,204,276,345,193,270
TRN_508,340,217,267,358,235,276,349,224,271
TRN_508,369,291,249,387,312,261,377,301,254
TRN_509,371,151,66,381,162,71,375,156,68
TRN_511,182,207,275,207,229,303,196,216,286
TRN_511,337,206,277,364,235,296,350,220,286
TRN_513,312,157,119,369,230,140,343,194,129
TRN_514,137,253,96,171,292,106,155,272,101
TRN_514,138,217,100,182,249,111,162,232,104
TRN_514,178,202,109,192,217,115,185,210,111
TRN_514,391,270,100,410,294,106,400,281,103
TRN_515,163,224,109,178,239,114,170,231,111
TRN_515,227,222,67,242,237,72,234,229,69
TRN_517,300,215,88,342,243,105,320,228,96
TRN_518,165,246,118,180,262,122,172,253,119
TRN_519,339,171,94,364,200,107,351,184,99
TRN_521,115,240,98,130,255,103,122,247,100
TRN_521,117,272,60,133,288,65,124,280,62
TRN_521,127,247,108,142,262,113,134,254,110
TRN_521,142,251,106,157,266,111,149,258,108
TRN_521,148,217,104,165,233,109,156,224,106
TRN_521,157,216,93,173,231,98,164,223,95
TRN_521,175,161,84,190,176,89,182,168,86
TRN_521,212,196,83,227,211,88,219,203,85
TRN_521,323,233,118,343,253,125,332,242,121
TRN_521,338,243,113,353,258,118,345,250,115
TRN_521,341,156,97,356,171,102,348,163,99
TRN_521,348,159,82,363,174,87,355,166,84
TRN_521,362,164,94,377,179,99,369,171,96
TRN_521,384,229,111,399,244,116,391,236,113
TRN_522,183,145,67,201,164,72,191,154,69
TRN_524,138,230,114,155,246,121,146,237,117
TRN_525,166,230,93,175,241,98,170,235,95
TRN_528,339,174,92,367,203,100,352,188,95
TRN_529,172,188,103,210,222,115,186,204,108
TRN_529,179,203,106,222,254,121,200,227,113
TRN_529,183,220,102,197,234,108,189,226,104
TRN_529,184,206,96,214,222,102,198,214,98
TRN_529,206,189,92,225,204,98,216,196,94
TRN_531,128,174,107,148,195,114,137,184,110
TRN_531,171,184,124,186,199,129,178,191,126
TRN_533,158,195,118,174,219,125,166,206,121
TRN_533,172,177,119,225,233,128,196,206,123
TRN_534,98,157,69,113,172,78,105,164,73
TRN_534,147,227,164,162,242,173,154,234,168
TRN_534,152,149,151,168,165,162,160,156,156
TRN_534,158,210,196,194,255,222,173,238,209
TRN_534,167,206,235,184,235,244,175,220,239
TRN_534,178,237,164,193,252,173,185,244,168
TRN_534,183,194,228,220,243,249,200,218,240
TRN_534,194,212,196,209,227,205,201,219,200
TRN_534,218,210,228,244,237,242,230,224,235
TRN_534,313,185,202,379,236,240,347,213,220
TRN_534,340,199,174,369,232,188,356,215,180
TRN_534,340,333,155,355,348,164,347,340,159
TRN_534,360,148,131,375,163,140,367,155,135
TRN_534,364,144,117,378,159,126,370,151,121
TRN_534,375,218,201,390,234,213,382,225,207
TRN_534,375,271,196,398,301,205,387,285,200
TRN_535,126,136,73,193,219,103,157,170,88
TRN_537,375,253,48,400,287,55,386,267,51
TRN_538,143,184,267,222,274,283,184,227,274
TRN_538,173,192,285,222,244,301,198,215,291
TRN_538,201,171,221,256,226,263,230,197,244
TRN_539,152,223,106,177,242,116,165,232,111
TRN_541,142,210,109,164,226,114,152,217,111
TRN_542,111,214,55,141,247,65,128,229,59
TRN_542,350,188,91,361,199,96,355,193,93
TRN_543,164,184,71,219,220,82,190,203,77
TRN_544,112,177,259,204,256,320,154,214,290
TRN_544,320,191,298,359,235,320,339,211,307
TRN_545,154,154,46,171,182,51,162,166,48
TRN_546,135,186,56,145,196,60,140,190,58
TRN_548,116,157,51,129,168,56,122,162,53
TRN_549,317,112,208,348,135,223,333,123,215
TRN_549,321,135,234,380,182,257,350,156,245
TRN_549,347,109,194,373,135,205,361,122,199
TRN_549,354,164,224,394,199,235,376,182,229
TRN_549,383,148,225,407,168,235,396,157,230
TRN_550,340,158,203,359,177,213,348,166,207
TRN_550,345,231,202,362,263,213,353,246,207
TRN_551,325,227,88,338,245,95,331,235,91
TRN_551,333,247,85,356,274,95,346,258,90
TRN_553,354,176,88,367,190,94,360,182,91
TRN_554,112,220,74,123,230,78,117,224,76
TRN_555,178,179,102,206,205,110,191,191,106
TRN_555,185,192,106,211,218,113,196,204,110
TRN_556,305,213,87,353,279,101,328,241,94
TRN_556,311,204,53,405,269,90,365,233,72
TRN_556,313,274,68,331,299,75,321,285,71
TRN_556,328,224,64,353,240,73,339,231,68
TRN_556,328,265,77,347,298,88,338,278,82
TRN_556,335,261,64,384,316,81,359,286,72
TRN_556,356,268,53,379,287,58,368,277,55
TRN_557,123,199,256,152,222,267,138,211,261
TRN_557,132,174,197,163,210,207,146,193,202
TRN_557,156,198,258,175,212,267,165,205,262
TRN_557,160,208,196,184,226,200,171,217,198
TRN_557,163,186,196,205,227,207,187,210,201
TRN_557,190,172,197,213,192,207,202,181,201
TRN_557,286,123,217,381,178,268,328,145,240
TRN_557,293,155,244,393,232,307,343,197,276
